Designator,Val,Package,Mid X,Mid Y,Rotation,Layer
C1,100nF,C_0402_1005Metric,235.880003,-77.548754,0.0,bottom
C10,100nF,C_0402_1005Metric,223.775002,-94.133754,0.0,bottom
C11,100nF,C_0402_1005Metric,225.353751,-90.368756,90.0,bottom
C12,100nF,C_0402_1005Metric,229.972503,-87.748754,180.0,bottom
C13,100nF,C_0402_1005Metric,234.760006,-91.160003,90.0,bottom
C14,100nF,C_0402_1005Metric,237.71,-97.08875,180.0,bottom
C15,100nF,C_0402_1005Metric,223.792503,-96.341253,0.0,bottom
C16,1uF,C_0402_1005Metric,220.900004,-81.791254,90.0,bottom
C17,10uF,C_0402_1005Metric,222.720004,-88.448754,180.0,bottom
C18,10uF,C_0402_1005Metric,97.887501,-100.503752,270.0,bottom
C19,100nF,C_0402_1005Metric,97.407501,-98.903752,0.0,bottom
C2,22pF,C_0402_1005Metric,234.598751,-102.311254,90.0,bottom
C20,100nF,C_0402_1005Metric,97.897501,-91.323753,90.0,bottom
C3,22pF,C_0402_1005Metric,225.242505,-103.241252,180.0,bottom
C4,1uF,C_0402_1005Metric,225.242506,-101.241251,0.0,bottom
C5,100nF,C_0402_1005Metric,227.367502,-90.368752,90.0,bottom
C6,100nF,C_0402_1005Metric,230.492501,-89.368755,90.0,bottom
C7,10uF,C_0402_1005Metric,225.242501,-102.241252,0.0,bottom
C8,1uF,C_0402_1005Metric,226.353751,-90.368754,90.0,bottom
C9,100nF,C_0402_1005Metric,223.775001,-93.141254,0.0,bottom
D1,D_Small,D_SOD-123,44.44,-37.99,90.0,bottom
D10,D_Small,D_SOD-123,215.89,-37.99,90.0,bottom
D11,D_Small,D_SOD-123,234.94,-37.99,90.0,bottom
D12,D_Small,D_SOD-123,44.44,-57.04,90.0,bottom
D13,D_Small,D_SOD-123,63.49,-57.04,90.0,bottom
D14,D_Small,D_SOD-123,71.11,-57.04,90.0,bottom
D15,D_Small,D_SOD-123,101.59,-57.04,90.0,bottom
D16,D_Small,D_SOD-123,120.64,-57.04,90.0,bottom
D17,D_Small,D_SOD-123,128.26,-57.04,90.0,bottom
D18,D_Small,D_SOD-123,158.74,-57.04,90.0,bottom
D19,D_Small,D_SOD-123,177.79,-57.04,90.0,bottom
D2,D_Small,D_SOD-123,63.49,-37.99,90.0,bottom
D20,D_Small,D_SOD-123,196.84,-57.04,90.0,bottom
D21,D_Small,D_SOD-123,215.89,-57.04,90.0,bottom
D22,D_Small,D_SOD-123,234.94,-57.04,90.0,bottom
D23,D_Small,D_SOD-123,253.99,-57.04,90.0,bottom
D24,D_Small,D_SOD-123,44.44,-76.09,90.0,bottom
D25,D_Small,D_SOD-123,63.49,-76.09,90.0,bottom
D26,D_Small,D_SOD-123,82.54,-76.09,90.0,bottom
D27,D_Small,D_SOD-123,101.59,-76.09,90.0,bottom
D28,D_Small,D_SOD-123,120.64,-76.09,90.0,bottom
D29,D_Small,D_SOD-123,139.69,-76.09,90.0,bottom
D3,D_Small,D_SOD-123,82.54,-37.99,90.0,bottom
D30,D_Small,D_SOD-123,158.74,-76.09,90.0,bottom
D31,D_Small,D_SOD-123,177.79,-76.09,90.0,bottom
D32,D_Small,D_SOD-123,196.84,-76.09,90.0,bottom
D33,D_Small,D_SOD-123,215.89,-76.09,90.0,bottom
D34,D_Small,D_SOD-123,223.98625,-76.09,90.0,bottom
D35,D_Small,D_SOD-123,253.99,-76.09,90.0,bottom
D36,D_Small,D_SOD-123,46.464998,-86.72625,0.0,bottom
D37,D_Small,D_SOD-123,65.514998,-86.72625,0.0,bottom
D38,D_Small,D_SOD-123,84.565,-86.726249,0.0,bottom
D39,D_Small,D_SOD-123,92.444998,-86.73625,0.0,bottom
D4,D_Small,D_SOD-123,101.59,-37.99,90.0,bottom
D40,D_Small,D_SOD-123,123.505,-100.056252,270.0,bottom
D41,D_Small,D_SOD-123,147.94,-87.202499,180.0,bottom
D42,D_Small,D_SOD-123,176.515,-87.202501,180.0,bottom
D43,D_Small,D_SOD-123,195.565002,-87.2025,180.0,bottom
D44,D_Small,D_SOD-123,214.615004,-87.202501,180.0,bottom
D45,D_Small,D_SOD-123,238.965004,-102.404973,90.0,bottom
D5,D_Small,D_SOD-123,120.64,-37.99,90.0,bottom
D6,D_Small,D_SOD-123,139.69,-37.99,90.0,bottom
D7,D_Small,D_SOD-123,158.74,-37.99,90.0,bottom
D8,D_Small,D_SOD-123,177.79,-37.99,90.0,bottom
D9,D_Small,D_SOD-123,196.84,-37.99,90.0,bottom
J1,Molex - 1.00mm 4 Pin,Molex_Pico-EZmate_78171-0004_1x04-1MP_P1.20mm_Vertical,143.5,-61.8025,270.0,bottom
J2,Molex - 1.00mm 4 Pin,Molex_Pico-EZmate_78171-0004_1x04-1MP_P1.20mm_Vertical,73.39,-83.667498,180.0,bottom
J3,Conn_01x06,Hirose_FH12-6S-0.5SH_1x06-1MP_P0.50mm_Horizontal,245.660003,-87.948754,0.0,bottom
J4,Conn_01x06,Hirose_FH12-6S-0.5SH_1x06-1MP_P0.50mm_Horizontal,86.35,-60.85,0.0,bottom
R1,1k,R_0402_1005Metric,236.870003,-89.436255,0.0,bottom
R10,10k,R_0402_1005Metric,109.52375,-87.196247,270.0,bottom
R11,10k,R_0402_1005Metric,97.387501,-92.803752,0.0,bottom
R2,1k,R_0402_1005Metric,227.542501,-103.521254,90.0,bottom
R3,10k,R_0402_1005Metric,235.698752,-102.341254,270.0,bottom
R4,27R,R_0402_1005Metric,229.092501,-85.868754,270.0,bottom
R5,27R,R_0402_1005Metric,227.892502,-85.868752,270.0,bottom
R6,10k,R_0402_1005Metric,108.523751,-87.196247,270.0,bottom
R7,10k,R_0402_1005Metric,97.401251,-88.593753,180.0,bottom
R8,220,R_0402_1005Metric,120.32375,-85.30625,0.0,bottom
R9,220,R_0402_1005Metric,120.32375,-84.30625,0.0,bottom
SW_ESP_BOOTSEL1,SW_Push,SW_SPST_TS-1088-xR020,110.02375,-82.40625,180.0,bottom
SW_ESP_RESET1,SW_Push,SW_SPST_TS-1088-xR020,100.72375,-82.40625,180.0,bottom
SW_RP_BOOTSEL1,SW_Push,SW_SPST_TS-1088-xR020,253.89,-82.539998,0.0,bottom
SW_RP_RESET1,SW_Push,SW_SPST_TS-1088-xR020,253.89,-89.139998,0.0,bottom
U1,W25Q128JVS,SOIC-8_5.3x5.3mm_P1.27mm,234.455003,-83.436254,0.0,bottom
U2,AP2112K-3.3,SOT-23-5,224.150004,-85.748754,90.0,bottom
U3,RP2040,RP2040-QFN-56,229.692501,-95.741252,0.0,bottom
U4,ESP32-C3-MINI-1,ESP32-C3-MINI-1,105.42375,-93.90625,180.0,bottom
Y1,12MHz,Crystal_SMD_3225-4Pin_3.2x2.5mm,231.848751,-102.641253,90.0,bottom
